Column1,Column2,Column3
A,"One of the other reviewers has mentioned that after watching just 1 Oz episode you'll be hooked. They are right, as this is exactly what happened with me. The first thing that struck me about Oz was i",1
A,"A wonderful little production.  The filming technique is very unassuming- very old-time-BBC fashion and gives a comforting, and sometimes discomforting, sense of realism to the entire piece.  The acto",1
A,"I thought this was a wonderful way to spend time on a too hot summer weekend, sitting in the air conditioned theater and watching a light-hearted comedy. The plot is simplistic, but the dialogue is wi",1
A,"Basically there's a family where a little boy (Jake) thinks there's a zombie in his closet & his parents are fighting all the time. This movie is slower than a soap opera... and suddenly, Jake decides",0
A,"Petter Mattei's ""Love in the Time of Money"" is a visually stunning film to watch. Mr. Mattei offers us a vivid portrait about human relations. This is a movie that seems to be telling us what money, p",1
A,"Probably my all-time favorite movie, a story of selflessness, sacrifice and dedication to a noble cause, but it's not preachy or boring. It just never gets old, despite my having seen it some 15 or mo",1
A,I sure would like to see a resurrection of a up dated Seahunt series with the tech they have today it would bring back the kid excitement in me.I grew up on black and white TV and Seahunt with Gunsmok,1
A,"This show was an amazing, fresh & innovative idea in the 70's when it first aired. The first 7 or 8 years were brilliant, but things dropped off after that. By 1990, the show was not really funny anym",0
A,Encouraged by the positive comments about this film on here I was looking forward to watching this film. Bad mistake. I've seen 950+ films and this is truly one of the worst of them - it's awful in al,0
A,"If you like original gut wrenching laughter you will like this movie. If you are young or old then you will love this movie, hell even my mom liked it. Great Camp!!!",1
A,Phil the Alien is one of those quirky films where the humour is based around the oddness of everything rather than actual punchlines. At first it was very odd and pretty funny but as the movie progres,0
A,I saw this movie when I was about 12 when it came out. I recall the scariest scene was the big bird eating men dangling helplessly from parachutes right out of the air. The horror. The horror. As a yo,0
A,So im not a big fan of Boll's work but then again not many are. I enjoyed his movie Postal (maybe im the only one). Boll apparently bought the rights to use Far Cry long ago even before the game itsel,0
A,"The cast played Shakespeare. Shakespeare lost. I appreciate that this is trying to bring Shakespeare to the masses, but why ruin something so good. Is it because 'The Scottish Play' is my favorite Sha",0
A,This a fantastic movie of three prisoners who become famous. One of the actors is george clooney and I'm not a fan but this roll is not bad. Another good thing about the movie is the soundtrack (The m,1
B,"Kind of drawn in by the erotic scenes, only to realize this was one of the most amateurish and unbelievable bits of film I've ever seen. Sort of like a high school film project. What was Rosanna Arque",0
B,Some films just simply should not be remade. This is one of them. In and of itself it is not a bad film. But it fails to capture the flavor and the terror of the 1963 film of the same title. Liam Nees,1
B,This movie made it into one of my top 10 most awful movies. Horrible.  There wasn't a continuous minute where there wasn't a fight with one monster or another. There was no chance for any character de,0
B,"I remember this film,it was the first film i had watched at the cinema the picture was dark in places i was very nervous it was back in 74/75 my Dad took me my brother & sister to Newbury cinema in Ne",1
B,An awful film! It must have been up against some real stinkers to be nominated for the Golden Globe. They've taken the story of the first famous female Renaissance painter and mangled it beyond recogn,0
B,"After the success of Die Hard and it's sequels it's no surprise really that in the 1990s, a glut of 'Die Hard on a .....' movies cashed in on the wrong guy, wrong place, wrong time concept. That is wh",1
B,"I had the terrible misfortune of having to view this ""b-movie"" in it's entirety. All I have to say is--- save your time and money!!! This has got to be the worst b-movie of all time, it shouldn't even",0
B,"What an absolutely stunning movie, if you have 2.5 hrs to kill, watch it, you won't regret it, it's too much fun! Rajnikanth carries the movie on his shoulders and although there isn't anything more o",1
B,"First of all, let's get a few things straight here: a) I AM an anime fan- always has been as a matter of fact (I used to watch Speed Racer all the time in Preschool). b) I DO like several B-Movies bec",0
B,This was the worst movie I saw at WorldFest and it also received the least amount of applause afterwards! I can only think it is receiving such recognition based on the amount of known actors in the f,0
B,"The Karen Carpenter Story shows a little more about singer Karen Carpenter's complex life. Though it fails in giving accurate facts, and details. Cynthia Gibb (portrays Karen) was not a fine election.",1
B,"""The Cell"" is an exotic masterpiece, a dizzying trip into not only the vast mind of a serial killer, but also into one of a very talented director. This is conclusive evidence of what can be achieved ",1
B,"This film tried to be too many things all at once: stinging political satire, Hollywood blockbuster, sappy romantic comedy, family values promo... the list goes on and on. It failed miserably at all o",0
A,"This movie was so frustrating. Everything seemed energetic and I was totally prepared to have a good time. I at least thought I'd be able to stand it. But, I was wrong. First, the weird looping? It wa",0
A,"War movie' is a Hollywood genre that has been done and redone so many times that clichéd dialogue, rehashed plot and over-the-top action sequences seem unavoidable for any conflict dealing with large",1
A,"Taut and organically gripping, Edward Dmytryk's Crossfire is a distinctive suspense thriller, an unlikely ""message"" movie using the look and devices of the noir cycle. Bivouacked in Washington, DC, a ",1
A,"""Ardh Satya"" is one of the finest film ever made in Indian Cinema. Directed by the great director Govind Nihalani, this one is the most successful Hard Hitting Parallel Cinema which also turned out to",1
A,"My first exposure to the Templarios & not a good one. I was excited to find this title among the offerings from Anchor Bay Video, which has brought us other cult classics such as ""Spider Baby"". The pr",0
A,"One of the most significant quotes from the entire film is pronounced halfway through by the protagonist, the mafia middle-man Titta Di Girolamo, a physically non-descript, middle-aged man originally ",1
B,"I watched this film not really expecting much, I got it in a pack of 5 films, all of which were pretty terrible in their own way for under a fiver so what could I expect? and you know what I was right",0
A/B,"I bought this film at Blockbuster for $3.00, because it sounded interesting (a bit Ranma-esque, with the idea of someone dragging around a skeleton), because there was a cute girl in a mini-skirt on t",0
A/B,The plot is about the death of little children. Hopper is the one who has to investigate the killings. During the movie it appears that he has some troubles with his daughter. In the end the serial ki,0
A/B,"Ever watched a movie that lost the plot? Well, this didn't even really have one to begin with. Where to begin? The achingly tedious scenes of our heroine sitting around the house with actually no sens",0
A/B,"Okay, so this series kind of takes the route of 'here we go again!' Week in, week out David Morse's character helps out his ride who is in a bit of a pickle - but what's wrong with that!? David Morse ",1
B,"After sitting through this pile of dung, my husband and I wondered whether it was actually the product of an experiment to see whether a computer program could produce a movie. It was that listless an",0
B,"It had all the clichés of movies of this type and no substance. The plot went nowhere and at the end of the movie I felt like a sucker for watching it. The production was good; however, the script an",0
B,"This movie is based on the book, ""A Many Splendored Thing"" by Han Suyin and tackles issues of race relations between Asians and Whites, a topic that comes from Han's personal experiences as an Eurasia",1
B,"Of all the films I have seen, this one, The Rage, has got to be one of the worst yet. The direction, LOGIC, continuity, changes in plot-script and dialog made me cry out in pain. ""How could ANYONE com",0
B,"I had heard good things about ""States of Grace"" and came in with an open mind. I thought that ""God's Army"" was okay, and I thought that maybe Dutcher had improved and matured as a filmmaker. The film ",0
B,"This movie struck home for me. Being 29, I remember the '80's and my father working in a factory. I figured, if I worked hard too, if I had pride and never gave up I too could have the American Dream,",1
B,"As a disclaimer, I've seen the movie 5-6 times in the last 15 years, and I only just saw the musical this week. This allowed me to judge the movie without being tainted by what was or wasn't in the mu",1
B,Protocol is an implausible movie whose only saving grace is that it stars Goldie Hawn along with a good cast of supporting actors. The story revolves around a ditzy cocktail waitress who becomes famou,0
B,"How this film could be classified as Drama, I have no idea. If I were John Voight and Mary Steenburgen, I would be trying to erase this from my CV. It was as historically accurate as Xena and Hercules",0
B,Preston Sturgis' THE POWER AND THE GLORY was unseen by the public for nearly twenty or thirty years until the late 1990s when it resurfaced and even showed up on television. In the meantime it had gai,1
A,"Average (and surprisingly tame) Fulci giallo which means it's still quite bad by normal standards, but redeemed by its solid build-up and some nice touches such as a neat time twist on the issues of v",0
A,"Return to the 36th Chamber is one of those classic Kung-Fu movies which Shaw produces back in the 70s and 80s, whose genre is equivalent to the spaghetti westerns of Hollywood, and the protagonist Gor",1
A,"***SPOILERS*** All too, in real life as well as in the movies, familiar story that happens to many young men who are put in a war zone with a gun, or rifle, in their hands. The case of young and innoc",1
A,Bela Lugosi appeared in several of these low budget chillers for Monogram Studios in the 1940's and The Corpse Vanishes is one of the better ones. Bela plays a mad scientist who kidnaps young brides a,1
A,"I cannot believe I enjoyed this as much as I did. The anthology stories were better than par, but the linking story and its surprise ending hooked me. Alot of familiar faces will keep you asking yours",1
A,"The 33 percent of the nations nitwits that still support W. Bush would do well to see this movie, which shows the aftermath of the French revolution and the terror of 1794 as strikingly similar to the",0
A,"As someone has already mentioned on this board, it's very difficult to make a fake documentary. It requires tremendous skill, pacing, patience, directorial 'distance,' a plausible premise, a narrative",0
A,"The Hills Have Eyes II is what you would expect it to be and nothing more. Of course it's not going to be an Oscar nominated film, it's just pure entertainment which you can just lose yourself in for ",0
A,"I laughed all the way through this rotten movie. It's so unbelievable. A woman leaves her husband after many years of marriage, has a breakdown in front of a real estate office. What happens? The offi",0
A,"NO SPOILERS!! After Hitchcock's successful first American film, Rebecca based upon Daphne DuMarier's lush novel of gothic romance and intrigue, he returned to some of the more familiar themes of his e",1
A/B,"I just watched The Dresser this evening, having only seen it once before, about a dozen years ago. It's not a ""big"" movie, and doesn't try to make a big splash, but my God, the brilliance of the two l",1
A/B,"What happened? What we have here is basically a solid and plausible premise and with a decent and talented cast, but somewhere the movie loses it. Actually, it never really got going. There was a litt",0
A/B,"I've just watched Fingersmith, and I'm stunned to see the 8/10 average rating for the show. Not only was the plot was difficult to follow, but it seems character development was randomly applied. The ",0
A/B,So let's begin!))) The movie itself is as original as Cronenberg's movies would usually appear... My intention to see it was certainly JJL being one of my favourite actresses. She is as lovely as usua,1
A/B,"Besides being boring, the scenes were oppressive and dark. The movie tried to portray some kind of moral, but fell flat with its message. What were the redeeming qualities?? On top of that, I don't th",0
A/B,An unmarried woman named Stella (Bette Midler) gets pregnant by a wealthy man (Stephen Collins). He offers to marry her out of a sense of obligation but she turns him down flat and decides to raise th,0
A/B,"DON'T TORTURE A DUCKLING is one of Fulci's earlier (and honestly, in terms of story-line, better...) films - and although not the typical ""bloodbath"" that Fulci is known for - this is still a very uni",1
,"Busty beauty Stacie Randall plays PVC clad, bad-ass bitch Alexandra, the faithful acolyte of Faust, an evil entity trapped in hell. Determined to free her master, the malevolent minx breaks into a war",0
,I really like Salman Kahn so I was really disappointed when I seen this movie. It didn't have much of a plot and what they did have was not that appealing. Salman however did look good in the movie lo,0
B,I'm not sure why the producers needed to trade on the name of a somewhat successful movie franchise because the title suggests that it is a sequel to the first three movies..which it is not. Even thou,0
B,"This film laboured along with some of the most predictable story lines and shallow characters ever seen. The writer obviously bought the playbook ""How to write a space disaster movie"" and followed it ",0
B,"Caddyshack Two is a good movie by itself but compared to the original it cant stack up. Robert Stack is a horrible replacement for Ted Knight and Jackie Mason, while funny just cant compete with Rodne",0
B,Honestly - this short film sucks. the dummy used in the necro scene is pretty well made but still phony enough looking to ruin the viewing experience. the Unearthed DVD is crisp and clear and I haven',0
B,"I thought that Mukhsin has been wonderfully written. Its not just about entertainment. There's tonnes of subtle messages that i think Yasmin was trying to bring across. And yes, it might be confusing ",1
B,"I am not a golf fan by any means. On May 26 about 10:30 PM the movie started with a scene in the late 1800's. Old movies I like but not golf however, within the first scene a young boy (Harry Vardon) ",1
B,"Upon viewing Tobe Hooper's gem, Crocodile, in 2000, I developed a great interest in the college/crocodile niche of the exploitation/monster genre. I look forward to a wayward producer to follow up wit",0
B,"It tries to be the epic adventure of the century. And with a cast like Shô Kasugi, Christopher Lee and John-Rhys Davies it really is the perfect B-adventure of all time. It's actually is a pretty fun",1
A,The Last Hard Men finds James Coburn an outlaw doing a long sentence breaking free from a chain gang. Do he and his friends head for the Mexican border from jail and safety. No they don't because Cobu,1
A,"Maybe it was the title, or the trailer (certainly not the interview on the DVD, which is with the director as he keeps saying ""hi, kids"" into the camera like a buffoon), but I had expectations for Ent",0
A,"The few scenes that actually attempt a depiction of revolutionary struggle resemble a hirsute Boy Scout troop meandering tentatively between swimming holes. When Sharif or, please God, Palance try the",0
A,This film took me by surprise. I make it a habit of finding out as little as possible about films before attending because trailers and reviews provide spoiler after spoiler. All I knew upon entering ,1
A,"Stephen Hawkings is a genius. He is the king of geniuses. Watching this movie makes me feel dumb. But it's a great movie. Not highly entertaining, but very very intriguing. The movie centers around wh",1
A,"The story is about a psychic woman, Tory, who returns to her hometown and begins reliving her traumatic childhood past (the death of her childhood friend and abusive father). Tory discovers that her f",0
A,"Oh God, I must have seen this when I was only 11 or twelve, (don't ask how) I may have been young, but I wasn't stupid. Anyone could see that this is a bad movie, nasty, gross, unscary and very silly.",0
A,"""Fate"" leads Walter Sparrow to come in possession of a mysterious novel that has eerie similarities and connections to his life, all based around the number 23. As the story unfolds in real life and f",0
A,"We brought this film as a joke for a friend, and could of been our worst joke to play. The film is barely watchable, and the acting is dire. The worst child actor ever used and Hasslehoff giving a sub",0
A,This was probably the worst movie i have ever seen in my life!! It was stupid there was no plot and the special affects were ridiculous!! And i have never seen such bad acting in my life! The only goo,0
A,This is a typical Steele novel production in that two people who have undergone some sort of tragedy manage to get together despite the odds. I wouldn't call this a spoiler because anyone who has read,0
A,Oh noes one of these attack of the Japanese ghost girl movies... i don't even remember how many i've seen. maybe it sells... but not to me. not scary at all. the japanese horror movies are have been v,0
A/B,"Nicholas Walker is Paul, the local town Reverand who's married to Martha (Ally Sheedy), but also is a habitual womanizer and decides to fake his own death to run away with his current affair, Veronica",0
A/B,"Hollywood movie industry is the laziest one in the entire world. It only needs a single hit to flood theaters with the same old crap re-invented over and over again. Take superheroes for example, for ",0
A,"""Down Periscope"" has been in our library since it first arrived in VHS. Since then, we have acquired the DVD and a digital from Cinema Now. It is a quirky flick that does not go militarily overboard a",1
A,"If you came here, it's because you've already seen this film and were curious what others had to say about it. I feel for you, I *really* do. And I profusely apologize as a Canadian (because that's wh",0
A,"Deanna Durbin, Nan Grey and Barbara Read are ""Three Smart Girls"" in this Universal film from 1936, which introduces Deanna Durbin to film audiences. It also stars Ray Milland, Mischa Auer, Charles Win",1
A,"If anyone is wondering why no one makes movies like they used to, with conversation, character and a simple theme of friendship struggling to evolve into something new, better and different, those fol",1
A,"I watched this series out of curiosity,wanting to see if they could possibly and with ALL this modern technology,out do Cecil B. DeMille's classic epic of 1956, starring Charleton Heston,Yul Brenner a",0
A,"Daniel Day-Lewis is the most versatile actor alive. English aristocratic snob in A Room With a View, passionate Irish thief in In the Name of the Father, an impudent, violent butcher in Gangs of New Y",1
A,"My guess would be this was originally going to be at least two parts, and thus at least a quarter longer, because otherwise how can one explain its confused, abbreviated storyline. I was never complet",0
A,"Well, I like to watch bad horror B-Movies, cause I think it's interesting to see stupidity and unability of creators to shoot seriously good movie. (I always compare this movies to - for example - som",0
A,"This IS the worst movie I have ever seen, as well as, the worst that I will probably EVER see. I see no need to rehash what all the others have said previously, just be forewarned... This IS NOT one o",0
B,"I have been a Mario fan for as long as I can remember, I have very fond memories of playing Super Mario World as a kid, this game has brought back many of those memories while adding something new. Su",1
B,This short film that inspired the soon-to-be full length feature - Spatula Madness - is a hilarious piece that contends against similar cartoons yielding multiple writers. The short film stars Edward ,1
B,"Okay, last night, August 18th, 2004, I had the distinct displeasure of meeting Mr. Van Bebble at a showing of the film The Manson Family at the Three Penny in Chicago as part of the Chicago Undergroun",0
B,I bought this game on an impulse buy from walmart. I am glad I did. It was very entertaining listening to Sean Connery and playing the game. I thought the graphics were the best I have ever seen in a ,1
B,"No, this hilariously horrible 70's made-for-TV horror clinker isn't about a deadly demonically possessed dessert cake. Still, this exceptionally awful, yet undeniably amusing and thus enjoyable cathod",1
B,"It is easy to tell early in this movie exactly what will happen, and who will die. It is about 4 women and a man who on a vacation. This was made during the end of the ultra Nazi seventies, when blond",0
B,"Marion Davies stars in this remarkable comedy ""Show People"" released by MGM in 1928. Davies plays a hick from Savannah, Georgia, who arrives in Hollywood with her father (Dell Henderson). The jalopy t",1
B,The performance of every actor and actress (in the film) are excellently NATURAL which is what movie acting should be; and the directing skill is so brilliantly handled on every details that I am neve,1
B,"While Star Trek the Motion Picture was mostly boring, Star Trek The Final Frontier is plain bad. In this terrible sequel, the crew is on shore leave when they get a distress signal from the Federation",0
B,"Despite later claims, this early-talkie melodrama has very little in common with ""Citizen Kane"": It's a biopic of a ruthless but human fictional plutocrat, told in flashback but hopping around time. T",1
B,"This is the best version (so far) that you will see and the most true to the Bronte work. Dalton is a little tough to imagine as Rochester who Jane Eyre declared ""not handsome"". But his acting overcom",1
B,"Apparently, the people that wrote the back of the box did not bother to watch this so-called ""movie."" They described ""blindingly choreographed intrigue and violence."" I saw no ""intrigue."" I instead sa",0
B,"I liked Boyle's performance, but that's about the only positive thing I can say. Everything was overdone to the point of absurdity. Most of the actors spoke like you would expect your 9-year-old nephe",0
B,It's terrific when a funny movie doesn't make smile you. What a pity!! This film is very boring and so long. It's simply painfull. The story is staggering without goal and no fun. You feel better when,0
A/B,"So well made, no CGI crap. Has anyone else been on the ""Jumping Crocs"" tour of Darwin's Adelaide River before? Black Water was WAY realistic; Rogue was a bit cringeworthy. Thought the blonde chick was",1
A/B,"The Assignment is an outstanding thriller with several plot twists driven by character, rather than star turns, the need to stage special effects, obligatory romance, and endless car chases. However, ",1
A/B,this is one of the finest movies i have ever seen....the stark scenery...the isolation...the ignorant bigoted people hiding behind their religion...a backdrop for some wordliness and sophistication...,1
A/B,"Set in the 1794, the second year of the French republic formed after the execution of Louis XVI, this film portrays the power struggle between the revolutionary leaders Danton (Gerard Depardieu, at hi",1
A/B,Usually I'm a bit of a fan of the bad eighties & early nineties film featuring now has beens...but this film is so incredibly terrible that it was a real endurance test to sit through. Guys dressing u,0
A/B,"I have now seen quite a few films by Pedro Almodóvar, but this would have to be the most disappointing so far. This film seemed to lack the zaniness that is usually everywhere in his films, and the s",0
A/B,"I greatly enjoyed Margaret Atwood's novel 'The Robber Bride', and I was thrilled to see there was a movie version. A woman frames a cop boyfriend for her own murder, and his buddy, an ex-cop journalis",0
A/B,this movie gets a 10 because there is a lot of gore in it.who cares about the plot or the acting.this is an Italian horror movie people so you know you can't expect much from the acting or the plot.ev,1
A/B,"Ingrid Bergman, playing dentist Walter Matthau's faithful receptionist who harbors a little crush on her boss, is absolutely wonderful in this film. She handles the witty repartee in the script with a",1
B,"""A bored television director is introduced to the black arts and astral projection by his girlfriend. Learning the ability to separate his spirit from his body, the man finds a renewed interest in his",0
B,"Ah yes the 1980s , a time of Reaganomics and Sly , Chuck and a host of other action stars hiding in a remote jungle blowing away commies . At the time I couldn`t believe how movies like RAMBO , MISSIN",0
B,"This tale based on two Edgar Allen Poe pieces (""The Fall of the House of Usher"", ""Dance of Death"" (poem) ) is actually quite creepy from beginning to end. It is similar to some of the old black-and-wh",1
B,"I am so happy and surprised that there is so much interest in this movie! Jack Frost was my introduction into the films produced and distributed by A-pix entertainment, and without exception, everythi",0
B,"""Revolt of the Zombies"" proves that having the same director revamp and recycle an idea doesn't necessarily make lightning strike twice. The Halperin brothers, responsible for the horror classic ""Whit",0
B,"The complaints are valid, to me the biggest problem is that this soap opera is too aimed for women. I am okay with these night time soaps, like Grey's Anatomy, or Ugly Betty, or West Wing, because the",0
B,"This movie was one of the best movies that I have seen this year. I didn't see any cameos in the movie, but it is still pretty good. It is similar to Anchorman in the humor department, but I think thi",1
B,I remember seeing this film in the mid 80's thought it a well paced and well acted piece. I now work quite often in Berkeley Square and the had to get a copy of DVD to remind myself how little the are,1
B,Two hours ago I was watching this brilliant movie which overwhelmed me with its imprisoning photography. It is quite understandable how it won the prize of Best Camera in Cannes 2000. Close ups predom,1
B,Luckily for Bill Murray this is such a light-weight project since he pretty much has to carry it. Meatballs is the story of low-rent Camp Northstar and how its counselors deal with the campers as well,1
B,"""The Danish Bladerunner"" is boldly stated on the box. Are you kidding me?! This film is a complete drag. When I'm thirsty and go for a soda in the kitchen, I usually pause the vcr, so I won't miss any",0
B,"This movie shows a clip of live animal mutilation of an animal getting hacked by a machete and getting its skin ripped off. I know these horrible things happen in the world, but Im watching movies bas",0
B,"Anyone who thinks Kool Moe Dee, Carol Alt, and Corey Feldman comprise a list of good actors must be smoking something I'd love to try sometime. Where to begin: lousy soundtrack, hammy acting, ""action""",0
A,"This film could have been a decent re-make, and gosh knows it tried (or Ms. English tried). Assembling talented actors together with a successful & experienced writer/director should be a formula for ",0
A,"I find it very intriguing that Lee Radziwill, Jackie Kennedy's sister and the cousin of these women, would encourage the Maysles' to make ""Big Edie"" and ""Little Edie"" the subject of a film. They certa",1
A,C'mon guys some previous reviewers have nearly written a novel commenting on this episode. It's just an old 60's TV show ! This episode of Star Trek is notable because of the most serious babe (Yeoman,0
A,"I just watched this movie on it's premier night out of curiosity and sheer nostalgia. I liked (not loved) ""Mork & Mindy"" as a kid, mostly for Robin William's zany energetic performance. This movie mad",1
A,"I caught this film on AZN on cable. It sounded like it would be a good film, a Japanese ""Green Card"". I can't say I've ever disliked an Asian film, quite the contrary. Some of the most incredible horr",0
A,"Before I begin, let me get something off my chest: I'm a huge fan of John Eyres' first film PROJECT: SHADOWCHASER. The film, a B-grade cross of both THE TERMINATOR & DIE HARD, may not be the work of a",0
A,Ye Lou's film Purple Butterfly pits a secret organization (Purple Butterfly) against the Japanese forces in war torn Shanghai. Ding Hui (Zhang Ziyi) and her ex-lover Hidehiko Itami (Toru Nakamura) fin,0
A/B,"After hearing about George Orwell's prophetic masterpiece for all of my life, I'm now 37, but never having read the book, I am totally confused as to what I've just seen. I am very familiar with the c",0
A/B,"This cute animated short features two comic icons - Betty Boop and Henry. Henry is the bald, slightly portly boy from the comics who never speaks. Well here he does speak! He wants to get a puppy from",1
A/B,"I just got back from this free screening, and this ""Osama Witch Project"" is the hands-down worst film I've seen this year, worse than even ""Catwoman"" - which had the decency to at least pass itself of",0
A/B,"I remember seeing this film in the theater in 1984 when I was 6 years-old (you do the math). I absolutely loved it. I was Tarzan for the 2 weeks after seeing it (climbing the furniture, jumping around",1
B,"A family is traveling through the mid West. There's widower Ben (Charles Bateman), his girlfriend Nicky (Ahna Capri) and Ben's little daughter K.T. (Geri Reischl). Then hit a town named Hillsboro wher",1
B,Francis Ford Coppola wrote and directed this stunningly personal story of a married woman's flight from her husband--and the reality that perhaps the youthful glee and excitement of her younger years ,1
B,This movie was not very well directed. they almost totally disregarded the book.I guess they were trying 2 save time. the only upside 2 me was that the actor who played finny was cute. Some of the dia,0
B,"The buzz for this film has always been about the fabulous graphics that make Kevin Bacon disappear. Sadly, they stopped there. They should have continued to make the script disappear, then the silly s",0
B,"A young girl becomes a war-time marine's pen-pal, and when he visits at war's end expecting someone a bit more ""available,"" comic complications ensue. All ultimately works out well, naturally, but not",1
B,"This movie is a perfect adaptation of the English Flick Unfaithful. Ashmit plays the role of Richard Gere, Emran that of Olivier and Malikka the perfect cheating wife role of Lane.They have changed th",0
B,"Robert Altman's downbeat, new-fangled western from Edmund Naughton's book ""McCabe"" was overlooked at the time of its release but in the past years has garnered a sterling critical following. Aside fro",0
B,"What seemed at first just another introverted French flick offering no more than baleful sentiment became for me, on second viewing, a genuinely insightful and quite satisfying presentation. Spoiler o",1
B,"I don't think I've ever gave something a 1/10 rating, but this one easily gets the denomination. I find it hard just to sit through one of his jokes. It's not just that the jokes are so bad, but combi",0
B,"In the standard view, this is a purely awful movie. However, it rates a near perfect score on the unintentional comedy scale. I can think of few actual comedies that make me laugh as hard as I did wat",0
B,"From the film's first shot - Keira Knightley as Elizabeth Bennet wandering reading through a field at dawn, thus invoking all the clichés cinema has developed to address the phenomenon of the strong-",0
B,"I've always enjoyed films that depict life as it is. Life sometimes has boring patches, no real plot, and not necessarily a happy ending. ""A River Runs Through It"" is the perfect name for this film (a",1
B,"The story is very trustworthy and powerful. The technical side of the movie is quite fine.. even the directing of it. The main problem is with the castings, that turned that movie into almost another ",0
A,"This movie was not so much promoted here in Greece,even though it got good actors , great script and rather good photograph was not a so called ""blockbuster"" movie in my Country. The movie itself is v",1
A,"MYSTERY MEN has got to be THE stupidest film I've ever seen, but what a film! I thought it was fabulous, excellent and impressive. It was funny, well-done and nice to see ridiculous Super Heroes for a",1
A,You know that mouthwash commercial where the guy has a mouth full of Listerine or whatever it is and he's trying really hard to keep from spitting it up into the sink? That's a great metaphor for this,0
A,I can't believe it that was the worst movie i have ever seen in my life. i laughed a couple of times. ( probably because of how stupid it was ) If someone paid me to see that movie again i wouldn't. t,0
A,"This is one of a rarity of movies, where instead of a bowl of popcorn one should watch it with a bottle of vodka. To be completely honest we are a group of people who actually know the man, Mo Ogrodni",0
A,"Even though I'm quite young, The Beatles are my ABSOLUTELY FAVOURITE band! I never had the chance to hear their music as it was releases but have loved them since I can remember. It's the sort of film",1
A,"An American Werewolf in London had some funny parts, but this one isn't so good. The computer werewolves are just awful: the perspective is all off, it's like seeing them through a distorting mirror. ",0
A,"Originally I was a Tenacious D fan of their first album and naturally listened to a few tracks off The P.O.D. and was rather disappointed. After watching the movie, my view was changed. The movie is p",1
A,"This is just one more of those hideous films that you find on Lifetime TV which portray the abhorrent behavior of some disgusting woman in an empathetic manner. Along with other such nasty films as ""T",0
A,"The premise of this movie was decent enough, but with sub par acting, it was just bland and dull. SPOILERS The film does not work because of the nature of the death, it was accidental, so although it ",0
A,"The Lives of the Saints starts off with an atmospheric vision of London as a bustling city of busy, quaint streets and sunshine. I was hoping it would maintain this atmosphere, but it gets bogged down",0
A/B,"I can't emphasize it enough, do *NOT* get this movie for the kids. For that matter, you'd best spare the adults from it as well. All right, perhaps I'm overexaggerating a little. This isn't the worst ",0
A/B,"Is nothing else on TV? Are you really bored? Well, then watch Phat Beach. However, don't rent it and definitely DO NOT buy it. That would be a big mistake. I watched this on TV and found myself laughi",0
A/B,The Elegant Documentary - Don't watch this movie ... if you're an egotistical know-all student of physics. This much less than one percent (miniscule fraction) of the population may find that this sho,1
A,"In 1993, with the success of the first season of Batman: The Animated Series, Warner Brothers commissioned the team responsible for the hit-show with producing a feature-length movie, originally slate",1
A,I think this movie was supposed to be shocking. But the only way in which it is indeed shocking is how shocking badly it's been made ...and simply is. It's one-and-a-half hour of torment. Even more so,0
A,"Why can't a movie be rated a zero? Or even a negative number? Some movies such as ""Plan Nine From Outer Space"" are so bad they're fun to watch. THIS IS NOT ONE. ""The Dungeon of Horror"" might be the wo",0
A,"This movie took me by surprise. The opening credit sequence features nicely done animation. After that, we're plunged into a semi-cheesy production, betraying its low budget. The characters, typical A",1
A,"Though I'd heard that ""Cama de Gato"" was the worst Brazilian movie of the decade, I watched it giving it a chance; after all, first-time director/producer/writer Alexandre Stockler managed to make his",0
A,"An unforgettable masterpiece from the creator of The Secret of Nimh and The Land Before Time, this was a very touching bittersweet cartoon. I remember this very well from my childhood, it was funny an",1
A,"This movie was a failure as a comedy and a film in general. It was a very slow paced movie that seemed to be trying to convey a message, but the message was a cliché, hopeless mess to begin with. Thi",0
A,It is so gratifying to see one great piece of art converted into another without distortion or contrivance. I had no guess as to how such an extraordinary piece of literature could be recreated as a f,1
A,"This movie is very violent, yet exciting with original dialog and cool characters. It has one of the most moving stories and is very true to life. The movie start off with action star Leo Fong as a do",0
A,"The day has finally come for me to witness the perpetuation of Azumi's fate as an assassin, fruition of her character and the ultimate attempt to draw me deeper into the world she rampaged through so ",0
A,This has to be the worst piece of garbage I've seen in a while. Heath Ledger is a heartthrob? He looked deformed. I wish I'd known that he and Naomi Watts are an item in real life because I spent 2 of,0
A,"A very ordinary made-for-tv product, ""Tyson"" attempts to be a serious biopic while stretching the moments of angst for effect, fast forwarding through the esoterics of the corrupt sport of boxing, and",0
A,"I'm sure deep in the recesses of Jack Blacks mind the character of Nacho Libre is absolutely hilarious but no it isn't. You can tell ol Jacks having a whale of a time hammin it up playing a smarmy, sl",0
A,"I haven't read the Anne Rice novel that this movie was based on, but who knows, maybe reading the book is cheaper than renting QUEEN OF THE DAMNED and is probably better for your health. It isn't that",1
A,"While I count myself as a fan of the Babylon 5 television series, the original movie that introduced the series was a weak start. Although many of the elements that would later mature and become much ",0
B,Leonard Maltin gave this film a dreaded BOMB rating in his 1995 Movie and Video Guide. What film was he looking at? Kid Vengeance or God's Gun are bombs. This film is a delight. It is fantastic. It is,1
B,I don't believe there has ever been a more evil or wicked television program to air in the United States as The 700 Club. They are today's equivalent to the Ku Klux Klan of the 20th century. Their hat,0
B,"If you wish to see Shakespeare's masterpiece in its entirety, I suggest you find this BBC version. Indeed it is overlong at four and a half hours but Jacoby's performance as Hamlet and Patrick Stewart",1
B,"The Golden Door is the story of a Sicilian family's journey from the Old World (Italy) to the New World (America). Salvatore, a middle-aged man who hopes for a more fruitful life, persuades his family",1
B,"Nifty little episode played mainly for laughs, but with clever dollop of suspense. Somehow a Martian has snuck aboard a broken-down bus on its way to nowhere, but which passenger is it, (talk about yo",1
B,"I had before a feeling of mislike for all Russian films. But, after seeing this film I haven´t. This is a unique masterpiece made by the best director ever lived in the USSR. He knows the art of film",1
B,I watched mask in the 80's and it's currently showing on Fox Kids in the UK (very late at night). I remember thinking that it was kinda cool back in the day and had a couple of the toys too but watchi,0
B,"Phantasm ....Class. Phantasm II.....awesome. Phantasm III.....erm.....terrible. Even though i would love to stick up for this film, i quite simply can't. The movie seems to have ""sold out"". First bad ",0
B,"Ludicrous. Angelic 9-year-old Annakin turns into whiny brat 19-year-old Annakin, who somehow seems appealing to Amidala, 5 years his senior. Now 22-year-old Jedi warrior hero Annakin has a couple of b",0
A,"Scotty (Grant Cramer, who would go on to star in the great B-movie ""Killer Klowns from outer space"") agrees to help three middle-aged guys learn how to 'dialog' the ladies in this bad '80's comedy. No",0
A,"If you keep rigid historical perspective out of it, this film is actually quite entertaining. It's got action, adventure and romance, and one of the premiere casting match-ups of the era with Errol Fl",1
A,"The film quickly gets to a major chase scene with ever increasing destruction. The first really bad thing is the guy hijacking Steven Seagal would have been beaten to pulp by Seagal's driving, but tha",0
A,Interesting and short television movie describes some of the machinations surrounding Jay Leno's replacing Carson as host of the Tonight Show. Film is currently very topical given the public drama sur,0
A,"Any film about WWII made during WWII by a British production company has no latter-day peer in my opinion, respectfully. The confluence of so many things near and dear to my heart are in At Dawn We Di",1
A,"A brilliant horror film. Utterly gruesome and very scary too. The Thing is a remake from John Carpenter, but please, do not let that put you off this film. It is simply brilliant. The start of the fil",1
A,"I absolutely love this film. Everything about it. It almost felt like watching me and my friends on screen. The way this movie was filmed was a pure masterpiece, very original and creative. I related ",1
A,"No one can say I wasn't warned as I have read the reviews (both user & external), but like most of us attracted to horror movies... curiosity got this cat. (Come on, we all scream at the people in the",0
A,"A new way to enjoy Goldsworthy's work, Rivers and Tides allows fans to see his work in motion. Watching Goldsworthy build his pieces, one develops an appreciation for every stone, leaf, and thorn that",1
A,"If you liked William Hickey in ""Prizzi's Honor"", he resurrects his character, as Don Anthony in ""Mob Boss"". This is a very weak ""Godfather"" satire with few laughs. Stuart Whitman looks perplexed as to",0
A,"I have seen most, if not all of the Laurel & Hardy classic films. I have always enjoyed there comical stupidly, even after watching it over and over again. This new film attempts to bring back the cla",0
A,"I just started watching The Show around July. I found it by mistake, I was channel surfing during a Vacation. It is a great show, I just wish it wasn't on so late at night. It's on at 12:30 AM. As a w",1
A,"This film is well cast, often silly and always funny. Lemmon and Matthau work their tag team magic to perfection. Brent Spiner is just a riot as the egotistical tyrant of a cruise director. From the f",1
A,"I have just given a 10 for Thieves Highway, I mention this for two reasons one to prove I'm not a git who only gives bad reviews but 2 because the theme of the film has the same thread namely the fall",0
A,This movie was terrible. The plot was terrible and unbelievable. I cannot recommend this movie. Where did this movie come from? This movie was not funny and wasted the talent of some great actors and ,0
A,"I strongly dislike this show. I mean, like, basically everyone at that school is perfect, and rich, and I doubt a boarding school would look as cool as that. And why do they suddenly allow girls into ",0
A,"Normally I don't like series at all. They're all to predictable and they tend to become boring and dull very fast. These series however, are well played, the story follows through all episodes and eve",1
A,holy Sh*t this was god awful. i sat in the theater for for an hour and ten minutes and i thought i was going to gouge out my eyes much in the manor Oedipus Rex. dear god. this movie deserves no more c,0
A/B,"This movie is without a doubt a perfect 10/10.. for all you people out there who are rating this film low grades because it has no ""good plot"" or anything like that, thats ridiculous, saying that a Ja",1
A/B,"I saw this at the London Film Festival last night, apparently the shorter version. James McNally's summary of the content of the film is very good. Nossiter very deftly blends his investigation of the",1
A/B,"I can't believe this movie managed to get such a relatively high rating of 6! It is barely watchable and unbelievably boring, certainly one of the worst films I have seen in a long, long time. In a no",0
A/B,"This movie really woke me up, like it wakes up the main male character of this bravely different movie from his life slumber. This guy John (Ben Chaplin) leads his mediocre safe life of a bank teller ",1
B,Ed Wood rides again. The fact that this movie was made should give any young aspiring film maker hope. Any screenplay you might have thought of using to line a litterbox or a birdcage should now not s,0
B,"This sports a nice, deep cast but for a thriller you better deliver more than name actors and talk. The first third of this movie was nothing but talk, and more talk. Most of that was a bunch of women",0
B,"I think this movie has got it all. It has really cool music that I can never get out of my head. It has cool looking characters. IS REALLY funny(you know, the kind that you'll crack up on the ground a",1
B,"Howard (Kevin Kline) teaches English at the high school in a small Indiana city. He is finally getting married to Emily (Joan Cusack), much to his parents delight. The town is abuzz, too, because one ",1
B,"When the opening shot is U.S. Marines seriously disrespecting the U.S. flag, a movie has a tough road ahead, but unfortunately it was downhill from there. There is a military adviser credited, who is ",0
B,"We usually think of the British as the experts at rendering great adventure from the Imperial age, with the likes of The Four Feathers (1939) and Zulu, simply because the Imperial age was, for the mos",1
B,"I had been looking forward to seeing Dreamgirls for quite a while...what with all it's raving reviews, nominations and media attention. And I must say, the first quarter of the movie was good! It real",0
B,One of Starewicz's longest and strangest short films follows a toy dog in search of an orange after becoming animated by the tear of the mother of a girl who longs for an orange. The dog comes upon an,1
B,"Nice character development in a pretty cool milieu. Being a male, I'm probably not qualified to totally understand it, but they do a nice job of establishing the restrictive Victorian environment from",1
B,"Prussic gas, a murderer donning a red clansman suit and hood wielding a white whip, and the murders of college school girls at the hands of paid convicts enlisted by a mysterious mastermind who keeps ",1
B,I was very lucky to see this film as part of the Melbourne International Film Festival 2005 only a few days ago. I must admit that I am very partial to movies that focus on human relations and especia,1
B,This movie is really bad. Most of it looks like it was filmed either in a park or a basement. There's a giant spider but all we see of it is one leg. There are some worms that live in a cave that are ,0
B,"I think this is one hell of a movie...........We can see Steven fighting around with his martial art stuff again and like in all Segal movies there's a message in it, without the message it would be o",1
B,"I saw this movie in the theater, and was thoroughly impressed by it. Then again, that was when Claire Danes was a good actress, not the foolish, arrogant, Hollywood-ized bitch she is today. Anyway, th",1
B,"I've seen this film literally over 100 times...it's absolutely jam-packed with entertainment!!! Powers Boothe gives a stellar performance. As a fan of actors such as William Shatner (Impulse, 1974) an",1
B,"The three main characters are all hopeless, and yet you only feel sorry for one of them: Ernesto, hopelessly devoted to Mercedes. This was part of the frustration: screaming at Mercedes to get a clue ",1
B,"Reese Witherspoon first outing on the big screen was a memorable one. She appears like a fresh scrubbed face ""tween"" slight and stringy, but undeniably Reese. I have always liked her as an actor, and ",1
B,This game ranks above all so far. I had the honor of playing mine on PS2 so the graphics were really good. The voice acting was above standard. The difficulty level is just right. Wesker has to be the,1
A/B,"This movie is not worth anything. I mean, if you want to watch this kind of stuff, flip to Hollywood movies! This totally is a disgrace to the Bollywood name. Neal N Nikki seriously sucked! Never watc",0
A/B,This is yet another western about a greedy cattle baron looking to push out small ranchers and farmers. It's certainly all been done before and since. But The Violent Men is something special. What ma,1
A/B,"Apparently, The Mutilation Man is about a guy who wanders the land performing shows of self-mutilation as a way of coping with his abusive childhood. I use the word 'apparently' because without listen",0
A/B,This movie was absolutely pathetic. A pitiful screenplay and lack of any story just left me watching three losers drool over bikini babes. At times I felt like I was watching an episode of Beavis and ,0
A/B,"I Feel the Niiiiiight Heat! I feel your HEEAAAAAAAAAART-beat! Something ain't right!"" Theme song written by B.J. Cook from Skylark- David Foster's old band and wife. She also wrote the memorable theme",1
B,"This movie fails miserably on every level. I have an idea, let's take everyone involved in this movie and ship them into a hot zone in the middle east. Maybe if we're lucky they'll all be shot and kil",0
B,"Yes i'll say before i start commenting, this movie is incredibly underrated. Sharon Stone is great in her role of Catherine Trammell as is Morrissey as Dr glass. He is an analyst sent in to evaluate h",1
B,"Based on a Edgar Rice Burroughs novel, AT THE EARTH'S CORE provides little more than means to escape and give your brain a rest. A Victorian scientist Dr. Abner Perry(Peter Cushing)invents a giant bur",0
B,"I have seen this film at least 100 times and I am still excited by it, the acting is perfect and the romance between Joe and Jean keeps me on the edge of my seat, plus I still think Bryan Brown is the",1
B,"This show makes absolutely no sense. Every week, two ladies go to an estate to do some gardening, and every week without fail, they somehow stumble upon a murder. Because everyone who owns a big house",0
B,"This movie was so bad it was funny! For awhile there I thought I was actually watching a parody of a bad movie (a la ""For Your Consideration""). The ""cliffhanger"" scene at the end had me laughing until",0
B,"Meryl Streep is such a genius. Well, at least as an actress. I know she's been made fun of for doing a lot of roles with accents, but she nails the accent every time. Her performance as Lindy Chamberl",1
B,Airport 4' is basically a slopped together mess for Universal Studios to try and work a new twist - the Concorde supersonic airliner - into their 'disaster-in-the-sky' formula. Bogged down with uninte,0
B,"Supposedly a ""social commentary"" on racism and prison conditions in the rural South of the 1970's, ""Nightmare"" is full of bad Southern stereotypes, complete with phoney accents. Not only would it be o",0
B,"OK, I bought this film from Woolworths for my friend for a joke present on his birthday, because the front cover had a sexual innuendo in it. But we decided it to watch it anyway. Just for hilarity pu",0
B,"Insignificant and low-brained (haha!) 80's horror like there are thirteen in a dozen, yet it can be considered amusing if you watch it in the right state of mind. The special effects are tacky, the ac",0
B,"Does anyone remember the alternative comedy show THE COMIC STRIP PRESENTS . One edition featured Charles Bronson ( Robbie Coltrane ) being interviewed about his new movie GLC : "" It's about a man , an",0
A,"Well, here's another terrific example of awkward 70's film-making! The rudimentary premise of ""What's the matter with Helen?"" is quite shocking and disturbing, but it's presented in such a stylish and",1
A,"Resnais, wow! The genius who brought us Hiroshima Mon Amour takes on the challenge of making a 1930s French musical in vibrant colour. The opening voice-over with old, embellished inter-titles was a n",0
A,"I saw this movie in the middle of the night, when I was flipping through the channels and there was nothing else on to watch. It's one of those films where you stop to see what it is - just for a mome",0
A,"This movie takes the plot behind the sci-fi flick ""Doppelganger"" (an astronaut from our Earth crashing on a 'counter-Earth' on the opposite side of the Sun, and the Cold War totalitarian vibes on that",0
A,"Black comedy isn't always an easy sell. Every now and then you get a black comedy that is hugely successful, like Fargo, for example. But usually they don't often find big audiences. People seem to ei",1
A,"Back in 1994, I had a really lengthy vacation around the Fourth of July - something like 17 days off in a row what with two weeks paid vacation, weekends and the holiday itself. I stayed in town durin",1
A,"Paul Verhoeven's predecessor to his breakout hit 'Basic Instinct' is a stylish and shocking neo-noir thriller. Verhoeven has become known for making somewhat sleazy trash films, both in his native Hol",1
A,"I accept that most 50's horror aren't scary by today's standards, but what the hell is this? When you see a title like this you expect to see blood and a blood thirsty beast. Instead we get no blood a",0
A,Demon Wind is about as much fun as breaking your legs. It is definitely an awful example of a film. So awful in fact that I don't even consider it a movie. I describe it more as a thing ... a monstrou,0
A,"There is a difference between a ""film,"" and a ""movie."" A film, regardless of quality, is ready for public consumption. A movie is what a group of friends gets together to make over the course of a wee",0
A/B,"please re-watch all 3 series and do not go see this movie, the trailer is completely misleading and the 3 weakest characters in the series stretch a badly thought out 25min TV episode into the most pa",0
A/B,"Finally! An Iranian film that is not made by Majidi, Kiarostami or the Makhmalbafs. This is a non-documentary, an entertaining black comedy with subversive young girls subtly kicking the 'system' in i",1
A/B,"Sometimes you just have to have patients when watching indie horror. If you can just toe-tap your way through the slow-paced early scenes, sometimes a real gem will present itself... This (unfortunate",0
A,"Tainted look at kibbutz life This film is less a cultural story about a boy's life in a kibbutz, but the deliberate demonization of kibbutz life in general. In the first two minutes of the movie, the ",0
A,"(When will I ever learn-?) The ecstatic reviewer on NPR made me think this turkey was another Citizen Kane. Please allow me to vent my spleen... I will admit: the setting, presumably New York City, ha",0
A,"""Lost"", ""24"", ""Carnivale"", ""Desperate Housewifes""...the list goes on and on. These, and a bunch of other high-quality, shows proves that we're in the middle of a golden age in television history. ""Los",1
A,"Clifton Webb is one of my favorites. However, Mister Scoutmaster is not one of his best. His patented curmudgeon role seems forced and even unpleasant rather than funny. The film itself is overflowing",0
A,This is a must-see documentary movie for anyone who fears that modern youth has lost its taste for real-life adventure and its sense of morality. Darius Goes West is an amazing roller-coaster of a sto,1
A,"The message of a world on the brink of war is disregarded by the masses; the mythical city of Everytown in 1940 represents England in general, but it could just as well stand for any nation of the wor",1
A,"Fulci... Does this man brings one of the goriest and weirdest movies ever made? Answer: yes! Cat in the Brain, also known as Nightmare Concert is Fulci's last masterpiece. Yes it is, no matter what so",1
A,What an incomprehensible mess of a movie. Something about a cop who extracts bullets from himself after he gets shot and keeps them in a glass jar in his bathroom (and from the size of the jar he's be,0
A,I love to watch this movie a lot because of all the scary scenes about the raptors. I like raptors because they are scary. My favorite parts are the ones where the raptor looks behind the pillar becau,1
A,"WARNING: REVIEW CONTAINS MILD SPOILERS A couple of years back I managed to see the first five films in this franchise, and was planning to do an overview of the whole Elm St. series. However, just two",0
A,"Some comments here on IMDb have likened Dog Bite Dog to the classic Cat III films of the 90s, but although it is undoubtedly brutal, violent and very downbeat, this film from Pou-Soi Cheang isn't real",1
A,"I watched this movie for the hot guy--and even he sucked! He was the worst one--well, okay, I have to give props to that freaky police officer rapist guy too, he was even worse. The guy wasn't that cu",0
A,Absolute must see documentary for anyone interested in getting to the bottom of this story. Told with unflinching eye and with gripping style. If you think conspiracy theories are for paranoid disturb,1
A,"I have decided to not believe what famous movie critics say. Even though this movie did not get the best comments, this movie made my day. It got me thinking. What a false world this is. What do you d",1
A,"After a very scary, crude opening which gives you that creepy ""Chainsaw massacre""-feeling, everything falls apart. SPOILER ALERT: As soon as the two FBI-officers start jabbing, you know they are the r",0
A,I can't say much about this film. I think it speaks for itself (as do the current ratings on here). I rented this about two years ago and I totally regretted it. I even /tried/ to like it by watching ,0
A,I am not so old that I can't remember laughing at Bobcat Goldthwait a couple times. But some where in all his years of drug abuse he lost his sense of humor as well as his brain cells. From the moment,0
B,"In New Orleans, an illegal immigrant feels sick and leaves a poker game while winning the smalltime criminal Blackie (Walter Jack Palance). He is chased by Blackie and his men Raymond Fitch (Zero Most",1
B,The box is why I originally picked up this movie and the back is why I rented it. But I soon learned that I had been duped. I had thought this movie would be something like a Road Trip/Eurotrip/Americ,0
B,There have been many documentaries that I have seen in which it appeared that the law was on the wrong side of the fence - The Thin Blue Line and Paradise Lost come to mind first and foremost. But thi,1
B,"I saw this movie last night and thought it was decent. It has it's moments I guess you would say. Some of the scenes with the special ops forces were cool, and some of the location shots were very aut",1
B,"Yes, I call this a perfect movie. Not one boring second, a fantastic cast of mostly little known actresses and actors, a great array of characters who are all well defined and who all have understanda",1
B,"I would like to know if anyone know how I can get a copy of the movie, ""That's the way of the World"". It's been about 30 years since I've seen this movie, and I would like to see it again. Earth Wind ",1
B,"I saw the movie ""Hoot"" and then I immediately decided to comment it. The truth is that NATURE needs protection from us because we are the dominant specie of this planet. Some people think that if they",1
B,"I had some reservations about this movie, I figured it would be the usual bill of fare --- a formula movie about Christmas. Being in the middle of a heat wave in late June, we decided to give it a sho",1
B,"When I first saw this film around 6 months ago, I considered it interesting, but little more. But it stuck with me. That interest grew and grew, and I wondered whether my initial boredom and response ",1
B,"Focus is another great movie starring William H. Macy. I first discovered Macy in Fargo and I've seen a few of his films and he hasn't yet deceived me. Macy is the archetypal ""nice guy with something ",1
B,"In ""Brave New Girl,"" Holly comes from a small town in Texas, sings ""The Yellow Rose of Texas"" at a local competition, and gets admitted to a prestigious arts college in Philadelphia. From there the mo",1
B,"Despite a totally misleading advertising campaign, this flick turns out to be an irritatingly clichéd, sub-par haunted house flick with a totally implausible ending. Clue #1 for all considering seein",0
B,"This movie sucks ass. Something about a heatwave in some European country, complete trash. There's nothing going for this movie whatsoever. maybe 30 seconds of sex but that's it. There is a very annoy",0
B,"I was looking forward to The Guardian, but when I walked into the theater I wasn't really in the mood for it at that particular time. It's kind of like the Olive Garden - I like it, but I have to be i",1
A/B,Going into see Seven Pounds i wasn't clearly sure what to think because the previews left to much open to grasp what the movie was really about. So within the first 20 min or so you are completely los,1
A/B,I saw Brother's Shadow at the Tribeca Film Festival and loved it! Judd Hirsch and Scott Cohen are great as father and son. The film follows Scott Cohen from parole in Alaska back to his family in Broo,1
A/B,"""Mararía"" really disappointed me. I can't consider it as a bad movie, but the development just seemed too rushed and non-believable for it to evoke any emotions. Dr. Fermín displays some unprecedent",0
A/B,Serum is about a crazy doctor that finds a serum that is supposed to cure all diseases through the power of the mind. Instead it creates some kind of monster that needs to eat human flesh and brains. ,0
A/B,witty. funny. intelligent. awesome. i was flipping channels late one night years ago. came across this and a wildfire started. i was staying up late every night and taping it for everyone i know. a fe,1
